{
  "version": "1.0.5",
  "platformVersion": "11.2.0",
  "authentication": {
    "type": "oauth2",
    "test": {
      "url": "https://id.vincere.io/oauth2/user",
      "method": "GET",
      "params": {},
      "headers": {
        "Authorization": "Bearer {{bundle.authData.access_token}}",
        "id-token": "{{bundle.authData.id_token}}"
      },
      "body": {},
      "removeMissingValuesFrom": {}
    },
    "oauth2Config": {
      "authorizeUrl": {
        "method": "GET",
        "url": "https://id.vincere.io/oauth2/authorize",
        "params": {
          "client_id": "{{process.env.CLIENT_ID}}",
          "state": "{{bundle.inputData.state}}",
          "redirect_uri": "{{bundle.inputData.redirect_uri}}",
          "response_type": "code"
        }
      },
      "getAccessToken": {
        "url": "https://id.vincere.io/oauth2/token",
        "method": "POST",
        "params": {
          "client_id": "{{process.env.CLIENT_ID}}"
        },
        "headers": {
          "content-type": "application/x-www-form-urlencoded",
          "accept": "application/json"
        },
        "body": {
          "code": "{{bundle.inputData.code}}",
          "grant_type": "authorization_code",
          "redirect_uri": "{{bundle.inputData.redirect_uri}}"
        },
        "removeMissingValuesFrom": {
          "params": true,
          "body": true
        }
      },
      "refreshAccessToken": {
        "url": "https://id.vincere.io/oauth2/token",
        "method": "POST",
        "params": {
          "client_id": "{{process.env.CLIENT_ID}}"
        },
        "headers": {
          "content-type": "application/x-www-form-urlencoded",
          "accept": "application/json"
        },
        "body": {
          "refresh_token": "{{bundle.authData.refresh_token}}",
          "grant_type": "refresh_token"
        },
        "removeMissingValuesFrom": {
          "params": true,
          "body": true
        }
      },
      "scope": "",
      "autoRefresh": true
    },
    "fields": [
      {
        "key": "subdomain",
        "type": "string",
        "required": true,
        "default": "app"
      }
    ]
  },
  "beforeRequest": [],
  "afterResponse": [],
  "resources": {},
  "triggers": {
    "document": {
      "key": "document",
      "noun": "Document",
      "display": {
        "label": "List of Document Types",
        "description": "This is a hidden trigger, and is used in a Dynamic Dropdown of the create.",
        "hidden": true
      },
      "operation": {
        "perform": "$func$2$f$",
        "canPaginate": false
      }
    },
    "jobs": {
      "key": "jobs",
      "noun": "Job",
      "display": {
        "label": "Get Job",
        "description": "Triggers on a new job."
      },
      "operation": {
        "inputFields": [],
        "perform": "$func$2$f$"
      }
    },
    "source": {
      "key": "source",
      "noun": "Source",
      "display": {
        "label": "List of Source Types",
        "description": "This is a hidden trigger, and is used in a Dynamic Dropdown of the create.",
        "hidden": true
      },
      "operation": {
        "perform": "$func$2$f$",
        "canPaginate": false
      }
    },
    "pool": {
      "key": "pool",
      "noun": "Pool",
      "display": {
        "label": "List of Document Types",
        "description": "This is a hidden trigger, and is used in a Dynamic Dropdown of the create.",
        "hidden": true
      },
      "operation": {
        "perform": "$func$2$f$",
        "canPaginate": false
      }
    }
  },
  "searches": {
    "candidate": {
      "key": "candidate",
      "noun": "Candidate",
      "display": {
        "label": "Find a Candidate",
        "description": "Finds a Candidate."
      },
      "operation": {
        "inputFields": [
          {
            "key": "email",
            "required": false,
            "helpText": "Main email of the candidate."
          }
        ],
        "perform": "$func$2$f$",
        "sample": {
          "id": 1,
          "name": "Test"
        }
      }
    }
  },
  "creates": {
    "update_candidate": {
      "key": "update_candidate",
      "noun": "Candidate",
      "display": {
        "label": "Update Candidate",
        "description": "Updates all candidate core details."
      },
      "operation": {
        "inputFields": [
          {
            "key": "id",
            "required": true,
            "type": "string",
            "label": "Candidate ID"
          },
          {
            "key": "email",
            "required": true,
            "type": "string",
            "label": "Email"
          },
          {
            "key": "candidate_source_id",
            "required": false,
            "label": "ID of the candidate source in vincere",
            "dynamic": "source.value_search.description"
          },
          {
            "key": "first_name",
            "required": true,
            "type": "string",
            "label": "First Name"
          },
          {
            "key": "last_name",
            "required": false,
            "type": "string",
            "label": "Last Name"
          },
          {
            "key": "phone",
            "required": false,
            "type": "string",
            "label": "Primary Phone"
          },
          {
            "key": "date_of_birth",
            "required": false,
            "type": "string",
            "label": "Date of Birth"
          },
          {
            "key": "emergency_name",
            "required": false,
            "type": "string",
            "label": "Emergency Name"
          },
          {
            "key": "emergency_phone",
            "required": false,
            "type": "string",
            "label": "Emergency Phone"
          },
          {
            "key": "emergency_relationship",
            "required": false,
            "type": "string",
            "label": "Emergency Relationship"
          },
          {
            "key": "emergency_email",
            "required": false,
            "type": "string",
            "label": "Emergency Email"
          }
        ],
        "perform": "$func$2$f$",
        "sample": {
          "id": 1,
          "title": "Sample Title",
          "content": "Sample note."
        }
      }
    },
    "fetch_candidate": {
      "operation": {
        "perform": "$func$2$f$",
        "inputFields": [
          {
            "key": "id",
            "label": "ID",
            "type": "string",
            "required": true,
            "list": false,
            "altersDynamicFields": false
          }
        ]
      },
      "key": "fetch_candidate",
      "noun": "Documents",
      "display": {
        "label": "Fetch Candidate documents By ID",
        "description": "Fetches a Candidate documents by candidate ID",
        "hidden": false,
        "important": true
      }
    },
    "fetch_subfunctional_expertises": {
      "operation": {
        "perform": "$func$2$f$"
      },
      "key": "fetch_subfunctional_expertises",
      "noun": "Expertise",
      "display": {
        "label": "Fetch All Sub Functional Expertises",
        "description": "Fetch All Sub Functional Expertises",
        "hidden": false,
        "important": true
      }
    },
    "fetch_subindustries": {
      "operation": {
        "perform": "$func$2$f$"
      },
      "key": "fetch_subindustries",
      "noun": "Industry",
      "display": {
        "label": "Fetch All Sub Industry",
        "description": "Fetch All Sub Industry",
        "hidden": false,
        "important": true
      }
    },
    "fetch_user": {
      "operation": {
        "perform": "$func$2$f$"
      },
      "key": "fetch_user",
      "noun": "User",
      "display": {
        "label": "Fetch current user",
        "description": "Fetches information about the current user",
        "hidden": false,
        "important": true
      }
    },
    "new_candidate_document": {
      "key": "new_candidate_document",
      "noun": "Document",
      "display": {
        "label": "Upload Candidate Document/CV",
        "description": "Adds a new candidate document."
      },
      "operation": {
        "inputFields": [
          {
            "key": "id",
            "required": true,
            "type": "string",
            "label": "Candidate ID"
          },
          {
            "key": "file_name",
            "required": true,
            "type": "string",
            "label": "File Name"
          },
          {
            "key": "document_type_id",
            "required": false,
            "label": "ID of the document type in vincere",
            "dynamic": "document.value_search.description"
          },
          {
            "key": "base_64_content",
            "required": true,
            "type": "string",
            "label": "Document"
          },
          {
            "key": "original_cv",
            "label": "Register this as the candidate's original VC",
            "required": true,
            "choices": {
              "true": "true",
              "false": "false"
            }
          }
        ],
        "perform": "$func$2$f$",
        "sample": {
          "id": 1,
          "title": "Sample Title",
          "content": "Sample note."
        }
      }
    },
    "new_candidate": {
      "key": "new_candidate",
      "noun": "Candidate",
      "display": {
        "label": "New Candidate",
        "description": "Adds a new candidate."
      },
      "operation": {
        "inputFields": [
          {
            "key": "email",
            "required": true,
            "type": "string",
            "label": "Email"
          },
          {
            "key": "candidate_source_id",
            "required": false,
            "label": "ID of the candidate source in vincere",
            "dynamic": "source.value_search.description"
          },
          {
            "key": "first_name",
            "required": true,
            "type": "string",
            "label": "First Name"
          },
          {
            "key": "last_name",
            "required": false,
            "type": "string",
            "label": "Last Name"
          },
          {
            "key": "phone",
            "required": false,
            "type": "string",
            "label": "Primary Phone"
          },
          {
            "key": "date_of_birth",
            "required": false,
            "type": "string",
            "label": "Date of Birth"
          }
        ],
        "perform": "$func$2$f$",
        "sample": {
          "id": 1,
          "title": "Sample Title",
          "content": "Sample note."
        }
      }
    },
    "new_application": {
      "key": "new_application",
      "noun": "Application",
      "display": {
        "label": "New Application",
        "description": "Adds a new candidate application for a job."
      },
      "operation": {
        "inputFields": [
          {
            "key": "candidate_id",
            "required": true,
            "type": "string",
            "label": "Candidate ID"
          },
          {
            "key": "job_id",
            "required": true,
            "type": "string",
            "label": "Job ID"
          }
        ],
        "perform": "$func$2$f$",
        "sample": {
          "id": 1,
          "title": "Sample Title",
          "content": "Sample note."
        }
      }
    },
    "fetch_candidate_applications": {
      "operation": {
        "perform": {
          "url": "https://{{bundle.authData.subdomain}}/api/v2/candidate/{{bundle.inputData.id}}/applications",
          "method": "GET",
          "params": {
            "index": "{{bundle.inputData.index}}"
          },
          "headers": {
            "Content-Type": "application/json",
            "id-token": "{{bundle.authData.id_token}}",
            "x-api-key": "{{process.env.CLIENT_SECRET}}"
          },
          "body": {
            "id": "{{bundle.inputData.id}}"
          },
          "removeMissingValuesFrom": {}
        },
        "inputFields": [
          {
            "key": "id",
            "label": "ID",
            "type": "string",
            "required": true,
            "list": false,
            "altersDynamicFields": false
          },
          {
            "key": "index",
            "label": "Index of the slice to get",
            "type": "string",
            "required": true,
            "list": false,
            "altersDynamicFields": false
          }
        ]
      },
      "key": "fetch_candidate_applications",
      "noun": "Applications",
      "display": {
        "label": "Fetch Candidate Application by ID",
        "description": "Fetches a Candidate Applications By ID",
        "hidden": false,
        "important": true
      }
    },
    "new_candidate_resume": {
      "key": "new_candidate_resume",
      "noun": "Candidate",
      "display": {
        "label": "Parse CV",
        "description": "Adds a new candidate from a Resume."
      },
      "operation": {
        "inputFields": [
          {
            "key": "url",
            "required": true,
            "type": "string",
            "label": "URL"
          }
        ],
        "perform": "$func$2$f$",
        "sample": {
          "id": 1,
          "title": "Sample Title",
          "content": "Sample note."
        }
      }
    },
    "new_candidate_location": {
      "key": "new_candidate_location",
      "noun": "Location",
      "display": {
        "label": "New Candidate Current Location",
        "description": "Adds a new candidate current location."
      },
      "operation": {
        "inputFields": [
          {
            "key": "id",
            "required": true,
            "type": "string",
            "label": "Candidate ID"
          },
          {
            "key": "address_line1",
            "required": false,
            "type": "string",
            "label": "Address 1"
          },
          {
            "key": "address_line2",
            "required": false,
            "type": "string",
            "label": "Address 2"
          },
          {
            "key": "city",
            "required": false,
            "type": "string",
            "label": "City"
          },
          {
            "key": "location_name",
            "required": true,
            "type": "string",
            "label": "Location Name"
          },
          {
            "key": "post_code",
            "required": false,
            "type": "string",
            "label": "Post Code"
          },
          {
            "key": "state",
            "required": false,
            "type": "string",
            "label": "State"
          }
        ],
        "perform": "$func$2$f$",
        "sample": {
          "id": 1,
          "title": "Sample Title",
          "content": "Sample note."
        }
      }
    },
    "get_company_applications": {
      "operation": {
        "perform": "$func$2$f$",
        "inputFields": [
          {
            "key": "id",
            "label": "ID",
            "type": "string",
            "required": true,
            "list": false,
            "altersDynamicFields": false
          }
        ]
      },
      "key": "get_company_applications",
      "noun": "Location",
      "display": {
        "label": "Fetch Company Location by ID",
        "description": "Gets the location of a company by company ID",
        "hidden": false,
        "important": true
      }
    },
    "new_candidate_note": {
      "key": "new_candidate_note",
      "noun": "Note",
      "display": {
        "label": "New Candidate Note",
        "description": "Adds a note to the candidate by ID"
      },
      "operation": {
        "inputFields": [
          {
            "key": "id",
            "required": false,
            "type": "string",
            "label": "Candidate ID"
          },
          {
            "key": "title",
            "required": false,
            "type": "string",
            "label": "Title"
          },
          {
            "key": "content",
            "required": false,
            "type": "string",
            "label": "Content"
          }
        ],
        "perform": "$func$2$f$",
        "sample": {
          "id": 1,
          "title": "Sample Title",
          "content": "Sample note."
        }
      }
    },
    "new_candidate_talent_pool": {
      "key": "new_candidate_talent_pool",
      "noun": "Pool",
      "display": {
        "label": "New Candidate Talent Pool",
        "description": "Adds the candidate to an additional talent pool"
      },
      "operation": {
        "inputFields": [
          {
            "key": "id",
            "required": true,
            "type": "string",
            "label": "Candidate ID"
          },
          {
            "key": "user_id",
            "required": true,
            "type": "string",
            "label": "Current User ID"
          },
          {
            "key": "pool_id",
            "required": true,
            "dynamic": "pool.id.name",
            "label": "Talent Pool"
          }
        ],
        "perform": "$func$2$f$",
        "sample": {
          "id": 1,
          "title": "Sample Title",
          "content": "Sample note."
        }
      }
    },
    "new_candidate_industries": {
      "key": "new_candidate_industries",
      "noun": "Industry",
      "display": {
        "label": "New Candidate Industries",
        "description": "Set all industry and child sub-industry values for a candidate."
      },
      "operation": {
        "inputFields": [
          {
            "key": "id",
            "required": true,
            "type": "string",
            "label": "Candidate ID"
          },
          {
            "key": "jsonBody",
            "required": true,
            "type": "string",
            "label": "Input full JSON String"
          }
        ],
        "perform": "$func$2$f$",
        "sample": {
          "id": 1,
          "title": "Sample Title",
          "content": "Sample note."
        }
      }
    },
    "new_candidate_functional": {
      "key": "new_candidate_functional",
      "noun": "Function",
      "display": {
        "label": "New Candidate Functional Expertises",
        "description": "Set all licenses and qualifications for a candidate"
      },
      "operation": {
        "inputFields": [
          {
            "key": "id",
            "required": true,
            "type": "string",
            "label": "Candidate ID"
          },
          {
            "key": "jsonBody",
            "required": true,
            "type": "string",
            "label": "Input full JSON String"
          }
        ],
        "perform": "$func$2$f$",
        "sample": {
          "id": 1,
          "title": "Sample Title",
          "content": "Sample note."
        }
      }
    }
  },
  "searchOrCreates": {
    "candidate": {
      "key": "candidate",
      "display": {
        "label": "Search or Create a Candidate",
        "description": "this is the description."
      },
      "search": "candidate",
      "create": "new_candidate"
    }
  }
}