{
  "version": "1.0.0",
  "platformVersion": "9.4.0",
  "authentication": {
    "type": "oauth2",
    "test": {
      "url": "https://id.vincere.io/oauth2/user",
      "method": "GET",
      "params": {},
      "headers": {
        "Authorization": "Bearer {{bundle.authData.access_token}}",
        "id-token": "{{bundle.authData.id_token}}"
      },
      "body": {},
      "removeMissingValuesFrom": {}
    },
    "oauth2Config": {
      "authorizeUrl": {
        "method": "GET",
        "url": "https://id.vincere.io/oauth2/authorize",
        "params": {
          "client_id": "{{process.env.CLIENT_ID}}",
          "state": "{{bundle.inputData.state}}",
          "redirect_uri": "{{bundle.inputData.redirect_uri}}",
          "response_type": "code"
        }
      },
      "getAccessToken": {
        "url": "https://id.vincere.io/oauth2/token",
        "method": "POST",
        "params": {
          "client_id": "{{process.env.CLIENT_ID}}"
        },
        "headers": {
          "content-type": "application/x-www-form-urlencoded",
          "accept": "application/json"
        },
        "body": {
          "code": "{{bundle.inputData.code}}",
          "grant_type": "authorization_code",
          "redirect_uri": "{{bundle.inputData.redirect_uri}}"
        },
        "removeMissingValuesFrom": {
          "params": true,
          "body": true
        }
      },
      "refreshAccessToken": {
        "url": "https://id.vincere.io/oauth2/token",
        "method": "POST",
        "params": {
          "client_id": "{{process.env.CLIENT_ID}}"
        },
        "headers": {
          "content-type": "application/x-www-form-urlencoded",
          "accept": "application/json"
        },
        "body": {
          "refresh_token": "{{bundle.authData.refresh_token}}",
          "grant_type": "refresh_token"
        },
        "removeMissingValuesFrom": {
          "params": true,
          "body": true
        }
      },
      "scope": "",
      "autoRefresh": true
    },
    "fields": [
      {
        "key": "subdomain",
        "type": "string",
        "required": true,
        "default": "app"
      }
    ]
  },
  "beforeRequest": [],
  "afterResponse": [],
  "resources": {},
  "triggers": {
    "document": {
      "key": "document",
      "noun": "Document",
      "display": {
        "label": "List of Document Types",
        "description": "This is a hidden trigger, and is used in a Dynamic Dropdown of the create.",
        "hidden": true
      },
      "operation": {
        "perform": "$func$2$f$",
        "canPaginate": false
      }
    },
    "jobs": {
      "key": "jobs",
      "noun": "Job",
      "display": {
        "label": "Get Job",
        "description": "Triggers on a new job."
      },
      "operation": {
        "inputFields": [],
        "perform": "$func$2$f$"
      }
    },
    "source": {
      "key": "source",
      "noun": "Source",
      "display": {
        "label": "List of Source Types",
        "description": "This is a hidden trigger, and is used in a Dynamic Dropdown of the create.",
        "hidden": true
      },
      "operation": {
        "perform": "$func$2$f$",
        "canPaginate": false
      }
    },
    "pool": {
      "key": "pool",
      "noun": "Pool",
      "display": {
        "label": "List of Document Types",
        "description": "This is a hidden trigger, and is used in a Dynamic Dropdown of the create.",
        "hidden": true
      },
      "operation": {
        "perform": "$func$2$f$",
        "canPaginate": false
      }
    }
  },
  "searches": {
    "candidate": {
      "key": "candidate",
      "noun": "Candidate",
      "display": {
        "label": "Find a Candidate",
        "description": "Finds a Candidate."
      },
      "operation": {
        "inputFields": [
          {
            "key": "name",
            "required": false,
            "helpText": "Find the Candidate with this name."
          },
          {
            "key": "candidate_source_id",
            "required": false,
            "label": "ID of the candidate source in vincere",
            "dynamic": "source.value_search.description"
          }
        ],
        "perform": "$func$2$f$",
        "sample": {
          "id": 1,
          "name": "Test"
        },
        "outputFields": [
          {
            "key": "id",
            "label": "ID"
          },
          {
            "key": "name",
            "label": "Name"
          }
        ]
      }
    }
  },
  "creates": {
    "update_candidate": {
      "operation": {
        "perform": {
          "url": "https://addstaff.vincere.io/api/v2/candidate/{{bundle.inputData.id}}",
          "method": "PUT",
          "headers": {
            "id-token": "{{bundle.authData.id_token}}",
            "Content-Type": "application/json",
            "x-api-key": "{{process.env.CLIENT_SECRET}}"
          },
          "body": {
            "phone": "{{bundle.inputData.phone}}",
            "candidate_source_id": "{{bundle.inputData.candidate_source_id}}",
            "email": "{{bundle.inputData.email}}",
            "first_name": "{{bundle.inputData.first_name}}",
            "last_name": "{{bundle.inputData.last_name}}",
            "registration_date": "{{bundle.inputData.registration_date}}"
          },
          "removeMissingValuesFrom": {}
        },
        "inputFields": [
          {
            "key": "phone",
            "label": "Candidate Phone",
            "type": "string",
            "required": false,
            "list": false,
            "altersDynamicFields": false
          },
          {
            "key": "id",
            "label": "Candidate ID",
            "type": "string",
            "required": false,
            "list": false,
            "altersDynamicFields": true
          },
          {
            "key": "candidate_source_id",
            "label": "Candidate Source Id",
            "type": "string",
            "required": false,
            "list": false,
            "altersDynamicFields": false
          },
          {
            "key": "email",
            "label": "Email",
            "type": "string",
            "required": false,
            "list": false,
            "altersDynamicFields": false
          },
          {
            "key": "first_name",
            "label": "First Name",
            "type": "string",
            "required": false,
            "list": false,
            "altersDynamicFields": false
          },
          {
            "key": "last_name",
            "label": "Last Name",
            "type": "string",
            "required": false,
            "list": false,
            "altersDynamicFields": false
          },
          {
            "key": "registration_date",
            "label": "Registration Date",
            "type": "string",
            "required": false,
            "list": false,
            "altersDynamicFields": false
          }
        ]
      },
      "key": "update_candidate",
      "noun": "Candidate",
      "display": {
        "label": "Update Candidate",
        "description": "Updates a candidate's details - use to reformate phone number, etc. ",
        "hidden": false,
        "important": true
      }
    },
    "fetch_candidate": {
      "operation": {
        "perform": "$func$2$f$",
        "inputFields": [
          {
            "key": "id",
            "label": "ID",
            "type": "string",
            "required": true,
            "list": false,
            "altersDynamicFields": false
          }
        ]
      },
      "key": "fetch_candidate",
      "noun": "Documents",
      "display": {
        "label": "Fetch Candidate documents By ID",
        "description": "Fetches a Candidate documents by candidate ID",
        "hidden": false,
        "important": true
      }
    },
    "fetch_user": {
      "operation": {
        "perform": "$func$2$f$"
      },
      "key": "fetch_user",
      "noun": "User",
      "display": {
        "label": "Fetch current user",
        "description": "Fetches information about the current user",
        "hidden": false,
        "important": true
      }
    },
    "new_candidate_document": {
      "key": "new_candidate_document",
      "noun": "Document",
      "display": {
        "label": "Upload Candidate Document/CV",
        "description": "Adds a new candidate document."
      },
      "operation": {
        "inputFields": [
          {
            "key": "id",
            "required": true,
            "type": "string",
            "label": "Candidate ID"
          },
          {
            "key": "file_name",
            "required": true,
            "type": "string",
            "label": "File Name"
          },
          {
            "key": "document_type_id",
            "required": false,
            "label": "ID of the document type in vincere",
            "dynamic": "document.value_search.description"
          },
          {
            "key": "base_64_content",
            "required": true,
            "type": "string",
            "label": "Document"
          },
          {
            "key": "original_cv",
            "label": "Register this as the candidate's original VC",
            "required": true,
            "choices": {
              "true": "true",
              "false": "false"
            }
          }
        ],
        "perform": "$func$2$f$",
        "sample": {
          "id": 1,
          "title": "Sample Title",
          "content": "Sample note."
        }
      }
    },
    "new_candidate": {
      "key": "new_candidate",
      "noun": "Candidate",
      "display": {
        "label": "New Candidate",
        "description": "Adds a new candidate."
      },
      "operation": {
        "inputFields": [
          {
            "key": "email",
            "required": true,
            "type": "string",
            "label": "Email"
          },
          {
            "key": "candidate_source_id",
            "required": false,
            "label": "ID of the candidate source in vincere",
            "dynamic": "source.value_search.description"
          },
          {
            "key": "first_name",
            "required": true,
            "type": "string",
            "label": "First Name"
          },
          {
            "key": "last_name",
            "required": false,
            "type": "string",
            "label": "Last Name"
          }
        ],
        "perform": "$func$2$f$",
        "sample": {
          "id": 1,
          "title": "Sample Title",
          "content": "Sample note."
        }
      }
    },
    "new_application": {
      "key": "new_application",
      "noun": "Application",
      "display": {
        "label": "New Application",
        "description": "Adds a new candidate application for a job."
      },
      "operation": {
        "inputFields": [
          {
            "key": "candidate_id",
            "required": true,
            "type": "string",
            "label": "Candidate ID"
          },
          {
            "key": "job_id",
            "required": true,
            "type": "string",
            "label": "Job ID"
          }
        ],
        "perform": "$func$2$f$",
        "sample": {
          "id": 1,
          "title": "Sample Title",
          "content": "Sample note."
        }
      }
    },
    "fetch_candidate_applications": {
      "operation": {
        "perform": {
          "url": "https://{{bundle.authData.subdomain}}/api/v2/candidate/{{bundle.inputData.id}}/applications",
          "method": "GET",
          "params": {
            "index": "{{bundle.inputData.index}}"
          },
          "headers": {
            "Content-Type": "application/json",
            "id-token": "{{bundle.authData.id_token}}",
            "x-api-key": "{{process.env.CLIENT_SECRET}}"
          },
          "body": {
            "id": "{{bundle.inputData.id}}"
          },
          "removeMissingValuesFrom": {}
        },
        "inputFields": [
          {
            "key": "id",
            "label": "ID",
            "type": "string",
            "required": true,
            "list": false,
            "altersDynamicFields": false
          },
          {
            "key": "index",
            "label": "Index of the slice to get",
            "type": "string",
            "required": true,
            "list": false,
            "altersDynamicFields": false
          }
        ]
      },
      "key": "fetch_candidate_applications",
      "noun": "Applications",
      "display": {
        "label": "Fetch Candidate Application by ID",
        "description": "Fetches a Candidate Applications By ID",
        "hidden": false,
        "important": true
      }
    },
    "new_candidate_resume": {
      "key": "new_candidate_resume",
      "noun": "Candidate",
      "display": {
        "label": "Parse CV",
        "description": "Adds a new candidate from a Resume."
      },
      "operation": {
        "inputFields": [
          {
            "key": "url",
            "required": true,
            "type": "string",
            "label": "URL"
          }
        ],
        "perform": "$func$2$f$",
        "sample": {
          "id": 1,
          "title": "Sample Title",
          "content": "Sample note."
        }
      }
    },
    "new_candidate_location": {
      "key": "new_candidate_location",
      "noun": "Candidate",
      "display": {
        "label": "Candidate Location Update",
        "description": "Puts a candidate location."
      },
      "operation": {
        "inputFields": [
          {
            "key": "id",
            "required": false,
            "type": "string",
            "label": "Candidate ID"
          },
          {
            "key": "address",
            "required": false,
            "type": "string",
            "label": "address"
          },
          {
            "key": "address_line1",
            "required": false,
            "type": "string",
            "label": "address_line1"
          },
          {
            "key": "address_line2",
            "required": false,
            "type": "string",
            "label": "address_line2"
          },
          {
            "key": "city",
            "required": false,
            "type": "string",
            "label": "city"
          },
          {
            "key": "country",
            "required": false,
            "type": "string",
            "label": "country"
          },
          {
            "key": "country_code",
            "required": false,
            "type": "string",
            "label": "country_code"
          },
          {
            "key": "district",
            "required": false,
            "type": "string",
            "label": "district"
          },
          {
            "key": "latitude",
            "required": false,
            "type": "number",
            "label": "latitude"
          },
          {
            "key": "location_name",
            "required": true,
            "type": "string",
            "label": "location_name"
          },
          {
            "key": "longitude",
            "required": false,
            "type": "number",
            "label": "longitude"
          },
          {
            "key": "nearest_train_station",
            "required": false,
            "type": "string",
            "label": "nearest_train_station"
          },
          {
            "key": "post_code",
            "required": false,
            "type": "string",
            "label": "post_code"
          },
          {
            "key": "state",
            "required": false,
            "type": "string",
            "label": "state"
          }
        ],
        "perform": "$func$2$f$",
        "sample": {
          "id": 1,
          "title": "Sample Title",
          "content": "Sample note."
        }
      }
    },
    "get_company_applications": {
      "operation": {
        "perform": "$func$2$f$",
        "inputFields": [
          {
            "key": "id",
            "label": "ID",
            "type": "string",
            "required": true,
            "list": false,
            "altersDynamicFields": false
          }
        ]
      },
      "key": "get_company_applications",
      "noun": "Location",
      "display": {
        "label": "Fetch Company Location by ID",
        "description": "Gets the location of a company by company ID",
        "hidden": false,
        "important": true
      }
    },
    "new_candidate_note": {
      "key": "new_candidate_note",
      "noun": "Note",
      "display": {
        "label": "New Candidate Note",
        "description": "Adds a note to the candidate by ID"
      },
      "operation": {
        "inputFields": [
          {
            "key": "id",
            "required": false,
            "type": "string",
            "label": "Candidate ID"
          },
          {
            "key": "title",
            "required": false,
            "type": "string",
            "label": "Title"
          },
          {
            "key": "content",
            "required": false,
            "type": "string",
            "label": "Content"
          }
        ],
        "perform": "$func$2$f$",
        "sample": {
          "id": 1,
          "title": "Sample Title",
          "content": "Sample note."
        }
      }
    },
    "new_candidate_talent_pool": {
      "key": "new_candidate_talent_pool",
      "noun": "Pool",
      "display": {
        "label": "New Candidate Talent Pool",
        "description": "Adds the candidate to an additional talent pool"
      },
      "operation": {
        "inputFields": [
          {
            "key": "id",
            "required": true,
            "type": "string",
            "label": "Candidate ID"
          },
          {
            "key": "user_id",
            "required": true,
            "type": "string",
            "label": "Current User ID"
          },
          {
            "key": "pool_id",
            "required": true,
            "dynamic": "pool.id.name",
            "label": "Talent Pool"
          }
        ],
        "perform": "$func$2$f$",
        "sample": {
          "id": 1,
          "title": "Sample Title",
          "content": "Sample note."
        }
      }
    }
  },
  "searchOrCreates": {
    "candidate": {
      "key": "candidate",
      "display": {
        "label": "Label Goes Here",
        "description": "this is the description."
      },
      "search": "candidate",
      "create": "new_candidate"
    }
  }
}